chunk_id,n_cells,n_viol,worst_excess,worst_record
6,2000,0,0.000e+00,"None"
5,2000,0,0.000e+00,"None"
4,2000,0,0.000e+00,"None"
3,2000,0,0.000e+00,"None"
8,2000,0,0.000e+00,"None"
7,2000,0,0.000e+00,"None"
2,2000,0,0.000e+00,"None"
1,2000,0,0.000e+00,"None"
0,2000,0,0.000e+00,"None"
9,2000,0,0.000e+00,"None"
16,2000,0,0.000e+00,"None"
15,2000,0,0.000e+00,"None"
13,2000,0,0.000e+00,"None"
12,2000,0,0.000e+00,"None"
14,2000,0,0.000e+00,"None"
10,2000,0,0.000e+00,"None"
11,2000,0,0.000e+00,"None"
18,2000,0,0.000e+00,"None"
17,2000,0,0.000e+00,"None"
19,2000,0,0.000e+00,"None"
20,2000,0,0.000e+00,"None"
21,2000,0,0.000e+00,"None"
22,2000,0,0.000e+00,"None"
23,2000,0,0.000e+00,"None"
24,2000,0,0.000e+00,"None"
25,2000,0,0.000e+00,"None"
26,2000,0,0.000e+00,"None"
28,2000,0,0.000e+00,"None"
27,2000,0,0.000e+00,"None"
29,2000,0,0.000e+00,"None"
30,2000,0,0.000e+00,"None"
31,2000,0,0.000e+00,"None"
32,2000,0,0.000e+00,"None"
33,2000,0,0.000e+00,"None"
34,2000,0,0.000e+00,"None"
35,2000,0,0.000e+00,"None"
36,2000,0,0.000e+00,"None"
37,2000,0,0.000e+00,"None"
38,2000,0,0.000e+00,"None"
39,2000,0,0.000e+00,"None"
40,2000,0,0.000e+00,"None"
41,2000,0,0.000e+00,"None"
42,2000,0,0.000e+00,"None"
43,2000,0,0.000e+00,"None"
44,2000,0,0.000e+00,"None"
45,2000,0,0.000e+00,"None"
46,2000,0,0.000e+00,"None"
47,2000,0,0.000e+00,"None"
48,2000,0,0.000e+00,"None"
49,2000,0,0.000e+00,"None"
50,2000,0,0.000e+00,"None"
51,2000,0,0.000e+00,"None"
52,2000,0,0.000e+00,"None"
53,2000,0,0.000e+00,"None"
54,2000,0,0.000e+00,"None"
55,2000,0,0.000e+00,"None"
56,2000,0,0.000e+00,"None"
57,2000,0,0.000e+00,"None"
58,2000,0,0.000e+00,"None"
60,2000,0,0.000e+00,"None"
59,2000,0,0.000e+00,"None"
61,2000,0,0.000e+00,"None"
62,2000,0,0.000e+00,"None"
63,2000,0,0.000e+00,"None"
64,2000,0,0.000e+00,"None"
65,2000,0,0.000e+00,"None"
66,2000,0,0.000e+00,"None"
67,2000,0,0.000e+00,"None"
68,2000,0,0.000e+00,"None"
69,2000,0,0.000e+00,"None"
70,2000,0,0.000e+00,"None"
71,2000,0,0.000e+00,"None"
72,2000,0,0.000e+00,"None"
73,2000,0,0.000e+00,"None"
74,2000,0,0.000e+00,"None"
75,2000,0,0.000e+00,"None"
76,2000,0,0.000e+00,"None"
77,2000,0,0.000e+00,"None"
78,2000,0,0.000e+00,"None"
79,2000,0,0.000e+00,"None"
80,2000,0,0.000e+00,"None"
81,2000,0,0.000e+00,"None"
82,2000,0,0.000e+00,"None"
83,2000,0,0.000e+00,"None"
84,2000,0,0.000e+00,"None"
85,2000,0,0.000e+00,"None"
86,2000,0,0.000e+00,"None"
87,2000,0,0.000e+00,"None"
88,2000,0,0.000e+00,"None"
89,2000,0,0.000e+00,"None"
90,2000,0,0.000e+00,"None"
91,2000,0,0.000e+00,"None"
92,2000,0,0.000e+00,"None"
93,2000,0,0.000e+00,"None"
94,2000,0,0.000e+00,"None"
95,2000,0,0.000e+00,"None"
96,2000,0,0.000e+00,"None"
97,2000,0,0.000e+00,"None"
98,2000,0,0.000e+00,"None"
99,2000,0,0.000e+00,"None"
100,2000,0,0.000e+00,"None"
101,2000,0,0.000e+00,"None"
102,2000,0,0.000e+00,"None"
103,2000,0,0.000e+00,"None"
104,2000,0,0.000e+00,"None"
105,2000,0,0.000e+00,"None"
106,2000,0,0.000e+00,"None"
107,2000,0,0.000e+00,"None"
108,2000,0,0.000e+00,"None"
109,2000,0,0.000e+00,"None"
110,2000,0,0.000e+00,"None"
111,2000,0,0.000e+00,"None"
112,2000,0,0.000e+00,"None"
113,2000,0,0.000e+00,"None"
114,2000,0,0.000e+00,"None"
115,2000,0,0.000e+00,"None"
116,2000,0,0.000e+00,"None"
117,2000,0,0.000e+00,"None"
118,2000,0,0.000e+00,"None"
119,2000,0,0.000e+00,"None"
120,2000,0,0.000e+00,"None"
121,2000,0,0.000e+00,"None"
122,2000,0,0.000e+00,"None"
123,2000,0,0.000e+00,"None"
124,2000,0,0.000e+00,"None"
125,2000,0,0.000e+00,"None"
126,2000,0,0.000e+00,"None"
127,2000,0,0.000e+00,"None"
128,2000,0,0.000e+00,"None"
129,2000,0,0.000e+00,"None"
130,2000,0,0.000e+00,"None"
131,2000,0,0.000e+00,"None"
132,2000,0,0.000e+00,"None"
133,2000,0,0.000e+00,"None"
134,2000,0,0.000e+00,"None"
135,2000,0,0.000e+00,"None"
136,2000,0,0.000e+00,"None"
137,2000,0,0.000e+00,"None"
138,2000,0,0.000e+00,"None"
139,2000,0,0.000e+00,"None"
140,2000,0,0.000e+00,"None"
141,2000,0,0.000e+00,"None"
142,2000,0,0.000e+00,"None"
143,2000,0,0.000e+00,"None"
144,2000,0,0.000e+00,"None"
145,2000,0,0.000e+00,"None"
146,2000,0,0.000e+00,"None"
147,2000,0,0.000e+00,"None"
148,2000,0,0.000e+00,"None"
149,2000,0,0.000e+00,"None"
150,2000,0,0.000e+00,"None"
151,2000,0,0.000e+00,"None"
152,2000,0,0.000e+00,"None"
153,2000,0,0.000e+00,"None"
154,2000,0,0.000e+00,"None"
155,2000,0,0.000e+00,"None"
156,2000,0,0.000e+00,"None"
157,2000,0,0.000e+00,"None"
158,2000,0,0.000e+00,"None"
159,2000,0,0.000e+00,"None"
160,2000,0,0.000e+00,"None"
161,2000,0,0.000e+00,"None"
162,2000,0,0.000e+00,"None"
163,2000,0,0.000e+00,"None"
164,2000,0,0.000e+00,"None"
166,2000,0,0.000e+00,"None"
165,2000,0,0.000e+00,"None"
167,2000,0,0.000e+00,"None"
168,2000,0,0.000e+00,"None"
169,2000,0,0.000e+00,"None"
170,2000,0,0.000e+00,"None"
171,2000,0,0.000e+00,"None"
172,2000,0,0.000e+00,"None"
173,2000,0,0.000e+00,"None"
174,2000,0,0.000e+00,"None"
175,2000,0,0.000e+00,"None"
176,2000,0,0.000e+00,"None"
177,2000,0,0.000e+00,"None"
178,2000,0,0.000e+00,"None"
179,2000,0,0.000e+00,"None"
180,2000,0,0.000e+00,"None"
181,2000,0,0.000e+00,"None"
182,2000,0,0.000e+00,"None"
183,2000,0,0.000e+00,"None"
184,2000,0,0.000e+00,"None"
185,2000,0,0.000e+00,"None"
186,2000,0,0.000e+00,"None"
187,2000,0,0.000e+00,"None"
188,2000,0,0.000e+00,"None"
189,2000,0,0.000e+00,"None"
190,2000,0,0.000e+00,"None"
191,2000,0,0.000e+00,"None"
192,2000,0,0.000e+00,"None"
194,2000,0,0.000e+00,"None"
193,2000,0,0.000e+00,"None"
195,2000,0,0.000e+00,"None"
196,2000,0,0.000e+00,"None"
197,2000,0,0.000e+00,"None"
198,2000,0,0.000e+00,"None"
199,2000,0,0.000e+00,"None"
200,2000,0,0.000e+00,"None"
201,2000,0,0.000e+00,"None"
202,2000,0,0.000e+00,"None"
203,2000,0,0.000e+00,"None"
204,2000,0,0.000e+00,"None"
205,2000,0,0.000e+00,"None"
206,2000,0,0.000e+00,"None"
207,2000,0,0.000e+00,"None"
208,2000,0,0.000e+00,"None"
209,2000,0,0.000e+00,"None"
210,2000,0,0.000e+00,"None"
211,2000,0,0.000e+00,"None"
212,2000,0,0.000e+00,"None"
213,2000,0,0.000e+00,"None"
215,2000,0,0.000e+00,"None"
214,2000,0,0.000e+00,"None"
216,2000,0,0.000e+00,"None"
217,2000,0,0.000e+00,"None"
218,2000,0,0.000e+00,"None"
219,2000,0,0.000e+00,"None"
220,2000,0,0.000e+00,"None"
221,2000,0,0.000e+00,"None"
222,2000,0,0.000e+00,"None"
223,2000,0,0.000e+00,"None"
224,2000,0,0.000e+00,"None"
225,2000,0,0.000e+00,"None"
226,2000,0,0.000e+00,"None"
227,2000,0,0.000e+00,"None"
228,2000,0,0.000e+00,"None"
229,2000,0,0.000e+00,"None"
230,2000,0,0.000e+00,"None"
231,2000,0,0.000e+00,"None"
232,2000,0,0.000e+00,"None"
233,2000,0,0.000e+00,"None"
234,2000,0,0.000e+00,"None"
235,2000,0,0.000e+00,"None"
236,2000,0,0.000e+00,"None"
237,2000,0,0.000e+00,"None"
238,2000,0,0.000e+00,"None"
239,2000,0,0.000e+00,"None"
240,2000,0,0.000e+00,"None"
241,2000,0,0.000e+00,"None"
242,2000,0,0.000e+00,"None"
243,2000,0,0.000e+00,"None"
244,2000,0,0.000e+00,"None"
245,2000,0,0.000e+00,"None"
246,2000,0,0.000e+00,"None"
247,2000,0,0.000e+00,"None"
248,2000,0,0.000e+00,"None"
249,2000,0,0.000e+00,"None"
250,2000,0,0.000e+00,"None"
251,2000,0,0.000e+00,"None"
252,2000,0,0.000e+00,"None"
253,2000,0,0.000e+00,"None"
254,2000,0,0.000e+00,"None"
255,2000,0,0.000e+00,"None"
256,2000,0,0.000e+00,"None"
257,2000,0,0.000e+00,"None"
258,2000,0,0.000e+00,"None"
259,2000,0,0.000e+00,"None"
260,2000,0,0.000e+00,"None"
261,2000,0,0.000e+00,"None"
262,2000,0,0.000e+00,"None"
263,2000,0,0.000e+00,"None"
264,2000,0,0.000e+00,"None"
265,2000,0,0.000e+00,"None"
266,2000,0,0.000e+00,"None"
267,2000,0,0.000e+00,"None"
268,2000,0,0.000e+00,"None"
269,2000,0,0.000e+00,"None"
270,2000,0,0.000e+00,"None"
272,2000,0,0.000e+00,"None"
271,2000,0,0.000e+00,"None"
273,2000,0,0.000e+00,"None"
274,2000,0,0.000e+00,"None"
275,2000,0,0.000e+00,"None"
276,2000,0,0.000e+00,"None"
277,2000,0,0.000e+00,"None"
279,2000,0,0.000e+00,"None"
278,2000,0,0.000e+00,"None"
280,2000,0,0.000e+00,"None"
281,2000,0,0.000e+00,"None"
282,2000,0,0.000e+00,"None"
283,2000,0,0.000e+00,"None"
284,2000,0,0.000e+00,"None"
286,2000,0,0.000e+00,"None"
285,2000,0,0.000e+00,"None"
287,2000,0,0.000e+00,"None"
288,2000,0,0.000e+00,"None"
289,2000,0,0.000e+00,"None"
290,2000,0,0.000e+00,"None"
291,2000,0,0.000e+00,"None"
293,2000,0,0.000e+00,"None"
292,2000,0,0.000e+00,"None"
294,2000,0,0.000e+00,"None"
295,2000,0,0.000e+00,"None"
296,2000,0,0.000e+00,"None"
297,2000,0,0.000e+00,"None"
298,2000,0,0.000e+00,"None"
299,2000,0,0.000e+00,"None"
300,2000,0,0.000e+00,"None"
301,2000,0,0.000e+00,"None"
302,2000,0,0.000e+00,"None"
303,2000,0,0.000e+00,"None"
304,2000,0,0.000e+00,"None"
305,2000,0,0.000e+00,"None"
306,2000,0,0.000e+00,"None"
307,2000,0,0.000e+00,"None"
308,2000,0,0.000e+00,"None"
309,2000,0,0.000e+00,"None"
310,2000,0,0.000e+00,"None"
311,2000,0,0.000e+00,"None"
312,2000,0,0.000e+00,"None"
313,2000,0,0.000e+00,"None"
314,2000,0,0.000e+00,"None"
315,2000,0,0.000e+00,"None"
316,2000,0,0.000e+00,"None"
317,2000,0,0.000e+00,"None"
318,2000,0,0.000e+00,"None"
319,2000,0,0.000e+00,"None"
320,2000,0,0.000e+00,"None"
321,2000,0,0.000e+00,"None"
322,2000,0,0.000e+00,"None"
323,2000,0,0.000e+00,"None"
324,2000,0,0.000e+00,"None"
325,2000,0,0.000e+00,"None"
326,2000,0,0.000e+00,"None"
327,2000,0,0.000e+00,"None"
328,2000,0,0.000e+00,"None"
329,2000,0,0.000e+00,"None"
330,2000,0,0.000e+00,"None"
331,2000,0,0.000e+00,"None"
332,2000,0,0.000e+00,"None"
333,2000,0,0.000e+00,"None"
334,2000,0,0.000e+00,"None"
335,2000,0,0.000e+00,"None"
336,2000,0,0.000e+00,"None"
337,2000,0,0.000e+00,"None"
338,2000,0,0.000e+00,"None"
339,2000,0,0.000e+00,"None"
340,2000,0,0.000e+00,"None"
342,2000,0,0.000e+00,"None"
341,2000,0,0.000e+00,"None"
343,2000,0,0.000e+00,"None"
344,2000,0,0.000e+00,"None"
345,2000,0,0.000e+00,"None"
346,2000,0,0.000e+00,"None"
347,2000,0,0.000e+00,"None"
348,2000,0,0.000e+00,"None"
349,2000,0,0.000e+00,"None"
350,2000,0,0.000e+00,"None"
351,2000,0,0.000e+00,"None"
352,2000,0,0.000e+00,"None"
353,2000,0,0.000e+00,"None"
354,2000,0,0.000e+00,"None"
355,2000,0,0.000e+00,"None"
356,2000,0,0.000e+00,"None"
357,2000,0,0.000e+00,"None"
358,2000,0,0.000e+00,"None"
359,2000,0,0.000e+00,"None"
360,2000,0,0.000e+00,"None"
361,2000,0,0.000e+00,"None"
362,2000,0,0.000e+00,"None"
363,2000,0,0.000e+00,"None"
364,2000,0,0.000e+00,"None"
365,2000,0,0.000e+00,"None"
366,2000,0,0.000e+00,"None"
367,2000,0,0.000e+00,"None"
368,2000,0,0.000e+00,"None"
369,2000,0,0.000e+00,"None"
370,2000,0,0.000e+00,"None"
371,2000,0,0.000e+00,"None"
372,2000,0,0.000e+00,"None"
373,2000,0,0.000e+00,"None"
374,2000,0,0.000e+00,"None"
375,2000,0,0.000e+00,"None"
376,2000,0,0.000e+00,"None"
377,2000,0,0.000e+00,"None"
378,2000,0,0.000e+00,"None"
379,2000,0,0.000e+00,"None"
380,2000,0,0.000e+00,"None"
381,2000,0,0.000e+00,"None"
382,2000,0,0.000e+00,"None"
383,2000,0,0.000e+00,"None"
384,2000,0,0.000e+00,"None"
385,2000,0,0.000e+00,"None"
386,2000,0,0.000e+00,"None"
387,2000,0,0.000e+00,"None"
388,2000,0,0.000e+00,"None"
389,2000,0,0.000e+00,"None"
390,2000,0,0.000e+00,"None"
391,2000,0,0.000e+00,"None"
392,2000,0,0.000e+00,"None"
393,2000,0,0.000e+00,"None"
394,2000,0,0.000e+00,"None"
395,2000,0,0.000e+00,"None"
396,2000,0,0.000e+00,"None"
397,2000,0,0.000e+00,"None"
398,2000,0,0.000e+00,"None"
399,2000,0,0.000e+00,"None"
400,2000,0,0.000e+00,"None"
401,2000,0,0.000e+00,"None"
402,2000,0,0.000e+00,"None"
403,2000,0,0.000e+00,"None"
404,2000,0,0.000e+00,"None"
405,2000,0,0.000e+00,"None"
406,2000,0,0.000e+00,"None"
407,2000,0,0.000e+00,"None"
408,2000,0,0.000e+00,"None"
409,2000,0,0.000e+00,"None"
410,2000,0,0.000e+00,"None"
411,2000,0,0.000e+00,"None"
412,2000,0,0.000e+00,"None"
413,2000,0,0.000e+00,"None"
414,2000,0,0.000e+00,"None"
415,2000,0,0.000e+00,"None"
416,2000,0,0.000e+00,"None"
418,2000,0,0.000e+00,"None"
417,2000,0,0.000e+00,"None"
419,2000,0,0.000e+00,"None"
420,2000,0,0.000e+00,"None"
421,2000,0,0.000e+00,"None"
422,2000,0,0.000e+00,"None"
423,2000,0,0.000e+00,"None"
424,2000,0,0.000e+00,"None"
425,2000,0,0.000e+00,"None"
427,2000,0,0.000e+00,"None"
426,2000,0,0.000e+00,"None"
428,2000,0,0.000e+00,"None"
429,2000,0,0.000e+00,"None"
430,2000,0,0.000e+00,"None"
431,2000,0,0.000e+00,"None"
432,2000,0,0.000e+00,"None"
433,2000,0,0.000e+00,"None"
434,2000,0,0.000e+00,"None"
435,2000,0,0.000e+00,"None"
436,2000,0,0.000e+00,"None"
437,2000,0,0.000e+00,"None"
438,2000,0,0.000e+00,"None"
439,2000,0,0.000e+00,"None"
440,2000,0,0.000e+00,"None"
441,2000,0,0.000e+00,"None"
442,2000,0,0.000e+00,"None"
443,2000,0,0.000e+00,"None"
444,2000,0,0.000e+00,"None"
445,2000,0,0.000e+00,"None"
446,2000,0,0.000e+00,"None"
447,2000,0,0.000e+00,"None"
448,2000,0,0.000e+00,"None"
449,2000,0,0.000e+00,"None"
450,2000,0,0.000e+00,"None"
451,2000,0,0.000e+00,"None"
452,2000,0,0.000e+00,"None"
453,2000,0,0.000e+00,"None"
454,2000,0,0.000e+00,"None"
455,2000,0,0.000e+00,"None"
456,2000,0,0.000e+00,"None"
457,2000,0,0.000e+00,"None"
458,2000,0,0.000e+00,"None"
459,2000,0,0.000e+00,"None"
460,2000,0,0.000e+00,"None"
461,2000,0,0.000e+00,"None"
462,2000,0,0.000e+00,"None"
463,2000,0,0.000e+00,"None"
464,2000,0,0.000e+00,"None"
465,2000,0,0.000e+00,"None"
466,2000,0,0.000e+00,"None"
467,2000,0,0.000e+00,"None"
468,2000,0,0.000e+00,"None"
469,2000,0,0.000e+00,"None"
470,2000,0,0.000e+00,"None"
471,2000,0,0.000e+00,"None"
472,2000,0,0.000e+00,"None"
473,2000,0,0.000e+00,"None"
474,2000,0,0.000e+00,"None"
475,2000,0,0.000e+00,"None"
476,2000,0,0.000e+00,"None"
477,2000,0,0.000e+00,"None"
478,2000,0,0.000e+00,"None"
479,2000,0,0.000e+00,"None"
480,2000,0,0.000e+00,"None"
481,2000,0,0.000e+00,"None"
482,2000,0,0.000e+00,"None"
483,2000,0,0.000e+00,"None"
485,2000,0,0.000e+00,"None"
484,2000,0,0.000e+00,"None"
486,2000,0,0.000e+00,"None"
487,2000,0,0.000e+00,"None"
488,2000,0,0.000e+00,"None"
489,2000,0,0.000e+00,"None"
490,2000,0,0.000e+00,"None"
491,2000,0,0.000e+00,"None"
492,2000,0,0.000e+00,"None"
493,2000,0,0.000e+00,"None"
494,2000,0,0.000e+00,"None"
495,2000,0,0.000e+00,"None"
496,2000,0,0.000e+00,"None"
497,2000,0,0.000e+00,"None"
498,2000,0,0.000e+00,"None"
499,2000,0,0.000e+00,"None"
500,2000,0,0.000e+00,"None"
501,2000,0,0.000e+00,"None"
502,2000,0,0.000e+00,"None"
503,2000,0,0.000e+00,"None"
504,2000,0,0.000e+00,"None"
506,2000,0,0.000e+00,"None"
505,2000,0,0.000e+00,"None"
507,2000,0,0.000e+00,"None"
508,2000,0,0.000e+00,"None"
509,2000,0,0.000e+00,"None"
510,2000,0,0.000e+00,"None"
511,2000,0,0.000e+00,"None"
513,2000,0,0.000e+00,"None"
512,2000,0,0.000e+00,"None"
514,2000,0,0.000e+00,"None"
515,2000,0,0.000e+00,"None"
516,2000,0,0.000e+00,"None"
517,2000,0,0.000e+00,"None"
518,2000,0,0.000e+00,"None"
519,2000,0,0.000e+00,"None"
520,2000,0,0.000e+00,"None"
521,2000,0,0.000e+00,"None"
522,2000,0,0.000e+00,"None"
523,2000,0,0.000e+00,"None"
524,2000,0,0.000e+00,"None"
525,2000,0,0.000e+00,"None"
526,2000,0,0.000e+00,"None"
527,2000,0,0.000e+00,"None"
528,2000,0,0.000e+00,"None"
529,2000,0,0.000e+00,"None"
530,2000,0,0.000e+00,"None"
531,2000,0,0.000e+00,"None"
532,2000,0,0.000e+00,"None"
533,2000,0,0.000e+00,"None"
534,2000,0,0.000e+00,"None"
535,2000,0,0.000e+00,"None"
536,2000,0,0.000e+00,"None"
537,2000,0,0.000e+00,"None"
538,2000,0,0.000e+00,"None"
539,2000,0,0.000e+00,"None"
540,2000,0,0.000e+00,"None"
541,2000,0,0.000e+00,"None"
542,2000,0,0.000e+00,"None"
543,2000,0,0.000e+00,"None"
544,2000,0,0.000e+00,"None"
545,2000,0,0.000e+00,"None"
546,2000,0,0.000e+00,"None"
547,2000,0,0.000e+00,"None"
548,2000,0,0.000e+00,"None"
549,2000,0,0.000e+00,"None"
550,2000,0,0.000e+00,"None"
551,2000,0,0.000e+00,"None"
552,2000,0,0.000e+00,"None"
553,2000,0,0.000e+00,"None"
554,2000,0,0.000e+00,"None"
555,2000,0,0.000e+00,"None"
556,2000,0,0.000e+00,"None"
557,2000,0,0.000e+00,"None"
558,2000,0,0.000e+00,"None"
559,2000,0,0.000e+00,"None"
560,2000,0,0.000e+00,"None"
561,2000,0,0.000e+00,"None"
562,2000,0,0.000e+00,"None"
563,2000,0,0.000e+00,"None"
564,2000,0,0.000e+00,"None"
565,2000,0,0.000e+00,"None"
566,2000,0,0.000e+00,"None"
567,2000,0,0.000e+00,"None"
568,2000,0,0.000e+00,"None"
569,2000,0,0.000e+00,"None"
570,2000,0,0.000e+00,"None"
571,2000,0,0.000e+00,"None"
572,2000,0,0.000e+00,"None"
573,2000,0,0.000e+00,"None"
574,2000,0,0.000e+00,"None"
575,2000,0,0.000e+00,"None"
576,2000,0,0.000e+00,"None"
577,2000,0,0.000e+00,"None"
578,2000,0,0.000e+00,"None"
579,2000,0,0.000e+00,"None"
580,2000,0,0.000e+00,"None"
581,2000,0,0.000e+00,"None"
582,2000,0,0.000e+00,"None"
583,2000,0,0.000e+00,"None"
584,2000,0,0.000e+00,"None"
585,2000,0,0.000e+00,"None"
586,2000,0,0.000e+00,"None"
587,2000,0,0.000e+00,"None"
588,2000,0,0.000e+00,"None"
589,2000,0,0.000e+00,"None"
590,2000,0,0.000e+00,"None"
591,2000,0,0.000e+00,"None"
592,2000,0,0.000e+00,"None"
593,2000,0,0.000e+00,"None"
594,2000,0,0.000e+00,"None"
595,2000,0,0.000e+00,"None"
596,2000,0,0.000e+00,"None"
597,2000,0,0.000e+00,"None"
598,2000,0,0.000e+00,"None"
599,2000,0,0.000e+00,"None"
600,2000,0,0.000e+00,"None"
601,2000,0,0.000e+00,"None"
602,2000,0,0.000e+00,"None"
603,2000,0,0.000e+00,"None"
604,2000,0,0.000e+00,"None"
606,2000,0,0.000e+00,"None"
605,2000,0,0.000e+00,"None"
607,2000,0,0.000e+00,"None"
608,2000,0,0.000e+00,"None"
609,2000,0,0.000e+00,"None"
610,2000,0,0.000e+00,"None"
611,2000,0,0.000e+00,"None"
612,2000,0,0.000e+00,"None"
613,2000,0,0.000e+00,"None"
614,2000,0,0.000e+00,"None"
615,2000,0,0.000e+00,"None"
616,2000,0,0.000e+00,"None"
617,2000,0,0.000e+00,"None"
618,2000,0,0.000e+00,"None"
620,2000,0,0.000e+00,"None"
619,2000,0,0.000e+00,"None"
621,2000,0,0.000e+00,"None"
622,2000,0,0.000e+00,"None"
623,2000,0,0.000e+00,"None"
624,2000,0,0.000e+00,"None"
625,2000,0,0.000e+00,"None"
627,2000,0,0.000e+00,"None"
626,2000,0,0.000e+00,"None"
628,2000,0,0.000e+00,"None"
629,2000,0,0.000e+00,"None"
631,2000,0,0.000e+00,"None"
630,2000,0,0.000e+00,"None"
632,2000,0,0.000e+00,"None"
633,2000,0,0.000e+00,"None"
634,2000,0,0.000e+00,"None"
636,2000,0,0.000e+00,"None"
635,2000,0,0.000e+00,"None"
637,2000,0,0.000e+00,"None"
638,2000,0,0.000e+00,"None"
639,2000,0,0.000e+00,"None"
640,2000,0,0.000e+00,"None"
641,2000,0,0.000e+00,"None"
642,2000,0,0.000e+00,"None"
643,2000,0,0.000e+00,"None"
644,2000,0,0.000e+00,"None"
646,2000,0,0.000e+00,"None"
645,2000,0,0.000e+00,"None"
647,2000,0,0.000e+00,"None"
648,2000,0,0.000e+00,"None"
649,2000,0,0.000e+00,"None"
650,2000,0,0.000e+00,"None"
651,2000,0,0.000e+00,"None"
652,2000,0,0.000e+00,"None"
653,2000,0,0.000e+00,"None"
654,2000,0,0.000e+00,"None"
655,2000,0,0.000e+00,"None"
656,2000,0,0.000e+00,"None"
657,2000,0,0.000e+00,"None"
658,2000,0,0.000e+00,"None"
659,2000,0,0.000e+00,"None"
660,2000,0,0.000e+00,"None"
661,2000,0,0.000e+00,"None"
662,2000,0,0.000e+00,"None"
663,2000,0,0.000e+00,"None"
664,2000,0,0.000e+00,"None"
665,2000,0,0.000e+00,"None"
666,2000,0,0.000e+00,"None"
667,2000,0,0.000e+00,"None"
668,2000,0,0.000e+00,"None"
670,2000,0,0.000e+00,"None"
669,2000,0,0.000e+00,"None"
671,2000,0,0.000e+00,"None"
672,2000,0,0.000e+00,"None"
673,2000,0,0.000e+00,"None"
674,2000,0,0.000e+00,"None"
675,2000,0,0.000e+00,"None"
677,2000,0,0.000e+00,"None"
676,2000,0,0.000e+00,"None"
678,2000,0,0.000e+00,"None"
679,2000,0,0.000e+00,"None"
680,2000,0,0.000e+00,"None"
681,2000,0,0.000e+00,"None"
682,2000,0,0.000e+00,"None"
683,2000,0,0.000e+00,"None"
684,2000,0,0.000e+00,"None"
685,2000,0,0.000e+00,"None"
686,2000,0,0.000e+00,"None"
687,2000,0,0.000e+00,"None"
688,2000,0,0.000e+00,"None"
689,2000,0,0.000e+00,"None"
691,2000,0,0.000e+00,"None"
690,2000,0,0.000e+00,"None"
692,2000,0,0.000e+00,"None"
693,2000,0,0.000e+00,"None"
694,2000,0,0.000e+00,"None"
695,2000,0,0.000e+00,"None"
696,2000,0,0.000e+00,"None"
697,2000,0,0.000e+00,"None"
698,2000,0,0.000e+00,"None"
699,2000,0,0.000e+00,"None"
700,2000,0,0.000e+00,"None"
701,2000,0,0.000e+00,"None"
702,2000,0,0.000e+00,"None"
703,2000,0,0.000e+00,"None"
704,2000,0,0.000e+00,"None"
705,2000,0,0.000e+00,"None"
706,2000,0,0.000e+00,"None"
707,2000,0,0.000e+00,"None"
708,2000,0,0.000e+00,"None"
709,2000,0,0.000e+00,"None"
711,2000,0,0.000e+00,"None"
710,2000,0,0.000e+00,"None"
712,2000,0,0.000e+00,"None"
713,2000,0,0.000e+00,"None"
714,2000,0,0.000e+00,"None"
715,2000,0,0.000e+00,"None"
716,2000,0,0.000e+00,"None"
718,2000,0,0.000e+00,"None"
717,2000,0,0.000e+00,"None"
719,2000,0,0.000e+00,"None"
720,2000,0,0.000e+00,"None"
721,2000,0,0.000e+00,"None"
722,2000,0,0.000e+00,"None"
723,2000,0,0.000e+00,"None"
724,2000,0,0.000e+00,"None"
725,2000,0,0.000e+00,"None"
726,2000,0,0.000e+00,"None"
727,2000,0,0.000e+00,"None"
728,2000,0,0.000e+00,"None"
729,2000,0,0.000e+00,"None"
730,2000,0,0.000e+00,"None"
731,2000,0,0.000e+00,"None"
732,2000,0,0.000e+00,"None"
733,2000,0,0.000e+00,"None"
734,2000,0,0.000e+00,"None"
735,2000,0,0.000e+00,"None"
736,2000,0,0.000e+00,"None"
737,2000,0,0.000e+00,"None"
739,2000,0,0.000e+00,"None"
738,2000,0,0.000e+00,"None"
740,2000,0,0.000e+00,"None"
741,2000,0,0.000e+00,"None"
742,2000,0,0.000e+00,"None"
743,2000,0,0.000e+00,"None"
744,2000,0,0.000e+00,"None"
746,2000,0,0.000e+00,"None"
745,2000,0,0.000e+00,"None"
747,2000,0,0.000e+00,"None"
748,2000,0,0.000e+00,"None"
749,2000,0,0.000e+00,"None"
750,2000,0,0.000e+00,"None"
751,2000,0,0.000e+00,"None"
753,2000,0,0.000e+00,"None"
752,2000,0,0.000e+00,"None"
754,2000,0,0.000e+00,"None"
755,2000,0,0.000e+00,"None"
756,2000,0,0.000e+00,"None"
757,2000,0,0.000e+00,"None"
758,2000,0,0.000e+00,"None"
760,2000,0,0.000e+00,"None"
759,2000,0,0.000e+00,"None"
761,2000,0,0.000e+00,"None"
762,2000,0,0.000e+00,"None"
763,2000,0,0.000e+00,"None"
764,2000,0,0.000e+00,"None"
765,2000,0,0.000e+00,"None"
766,2000,0,0.000e+00,"None"
767,2000,0,0.000e+00,"None"
768,2000,0,0.000e+00,"None"
769,2000,0,0.000e+00,"None"
770,2000,0,0.000e+00,"None"
771,2000,0,0.000e+00,"None"
772,2000,0,0.000e+00,"None"
773,2000,0,0.000e+00,"None"
774,2000,0,0.000e+00,"None"
775,2000,0,0.000e+00,"None"
776,2000,0,0.000e+00,"None"
777,2000,0,0.000e+00,"None"
778,2000,0,0.000e+00,"None"
779,2000,0,0.000e+00,"None"
780,2000,0,0.000e+00,"None"
781,2000,0,0.000e+00,"None"
782,2000,0,0.000e+00,"None"
783,2000,0,0.000e+00,"None"
784,2000,0,0.000e+00,"None"
785,2000,0,0.000e+00,"None"
786,2000,0,0.000e+00,"None"
787,2000,0,0.000e+00,"None"
788,2000,0,0.000e+00,"None"
789,2000,0,0.000e+00,"None"
790,2000,0,0.000e+00,"None"
791,2000,0,0.000e+00,"None"
792,2000,0,0.000e+00,"None"
793,2000,0,0.000e+00,"None"
794,2000,0,0.000e+00,"None"
795,2000,0,0.000e+00,"None"
796,2000,0,0.000e+00,"None"
797,2000,0,0.000e+00,"None"
798,2000,0,0.000e+00,"None"
799,2000,0,0.000e+00,"None"
800,2000,0,0.000e+00,"None"
801,2000,0,0.000e+00,"None"
802,2000,0,0.000e+00,"None"
803,2000,0,0.000e+00,"None"
804,2000,0,0.000e+00,"None"
805,2000,0,0.000e+00,"None"
806,2000,0,0.000e+00,"None"
807,2000,0,0.000e+00,"None"
808,2000,0,0.000e+00,"None"
809,2000,0,0.000e+00,"None"
810,2000,0,0.000e+00,"None"
811,2000,0,0.000e+00,"None"
812,2000,0,0.000e+00,"None"
813,2000,0,0.000e+00,"None"
814,2000,0,0.000e+00,"None"
815,2000,0,0.000e+00,"None"
816,2000,0,0.000e+00,"None"
817,2000,0,0.000e+00,"None"
818,2000,0,0.000e+00,"None"
819,2000,0,0.000e+00,"None"
820,2000,0,0.000e+00,"None"
821,2000,0,0.000e+00,"None"
822,2000,0,0.000e+00,"None"
823,2000,0,0.000e+00,"None"
824,2000,0,0.000e+00,"None"
825,2000,0,0.000e+00,"None"
826,2000,0,0.000e+00,"None"
827,2000,0,0.000e+00,"None"
828,2000,0,0.000e+00,"None"
829,2000,0,0.000e+00,"None"
830,2000,0,0.000e+00,"None"
831,2000,0,0.000e+00,"None"
832,2000,0,0.000e+00,"None"
833,2000,0,0.000e+00,"None"
834,2000,0,0.000e+00,"None"
835,2000,0,0.000e+00,"None"
837,2000,0,0.000e+00,"None"
836,2000,0,0.000e+00,"None"
838,2000,0,0.000e+00,"None"
839,2000,0,0.000e+00,"None"
840,2000,0,0.000e+00,"None"
841,2000,0,0.000e+00,"None"
842,2000,0,0.000e+00,"None"
843,2000,0,0.000e+00,"None"
844,2000,0,0.000e+00,"None"
845,2000,0,0.000e+00,"None"
846,2000,0,0.000e+00,"None"
847,2000,0,0.000e+00,"None"
848,2000,0,0.000e+00,"None"
849,2000,0,0.000e+00,"None"
850,2000,0,0.000e+00,"None"
851,2000,0,0.000e+00,"None"
852,2000,0,0.000e+00,"None"
853,2000,0,0.000e+00,"None"
854,2000,0,0.000e+00,"None"
855,2000,0,0.000e+00,"None"
856,2000,0,0.000e+00,"None"
858,2000,0,0.000e+00,"None"
857,2000,0,0.000e+00,"None"
859,2000,0,0.000e+00,"None"
861,2000,0,0.000e+00,"None"
860,2000,0,0.000e+00,"None"
862,2000,0,0.000e+00,"None"
863,2000,0,0.000e+00,"None"
864,2000,0,0.000e+00,"None"
865,2000,0,0.000e+00,"None"
866,2000,0,0.000e+00,"None"
867,2000,0,0.000e+00,"None"
868,2000,0,0.000e+00,"None"
869,2000,0,0.000e+00,"None"
870,2000,0,0.000e+00,"None"
871,2000,0,0.000e+00,"None"
872,2000,0,0.000e+00,"None"
873,2000,0,0.000e+00,"None"
874,2000,0,0.000e+00,"None"
875,2000,0,0.000e+00,"None"
876,2000,0,0.000e+00,"None"
877,2000,0,0.000e+00,"None"
879,2000,0,0.000e+00,"None"
878,2000,0,0.000e+00,"None"
880,2000,0,0.000e+00,"None"
881,2000,0,0.000e+00,"None"
882,2000,0,0.000e+00,"None"
883,2000,0,0.000e+00,"None"
884,2000,0,0.000e+00,"None"
885,2000,0,0.000e+00,"None"
886,2000,0,0.000e+00,"None"
887,2000,0,0.000e+00,"None"
888,2000,0,0.000e+00,"None"
889,2000,0,0.000e+00,"None"
890,2000,0,0.000e+00,"None"
891,2000,0,0.000e+00,"None"
892,2000,0,0.000e+00,"None"
893,2000,0,0.000e+00,"None"
894,2000,0,0.000e+00,"None"
895,2000,0,0.000e+00,"None"
896,2000,0,0.000e+00,"None"
897,2000,0,0.000e+00,"None"
898,2000,0,0.000e+00,"None"
899,2000,0,0.000e+00,"None"
900,2000,0,0.000e+00,"None"
901,2000,0,0.000e+00,"None"
902,2000,0,0.000e+00,"None"
903,2000,0,0.000e+00,"None"
904,2000,0,0.000e+00,"None"
905,2000,0,0.000e+00,"None"
906,2000,0,0.000e+00,"None"
907,2000,0,0.000e+00,"None"
908,2000,0,0.000e+00,"None"
909,2000,0,0.000e+00,"None"
910,2000,0,0.000e+00,"None"
911,2000,0,0.000e+00,"None"
912,2000,0,0.000e+00,"None"
914,2000,0,0.000e+00,"None"
913,2000,0,0.000e+00,"None"
915,2000,0,0.000e+00,"None"
916,2000,0,0.000e+00,"None"
917,2000,0,0.000e+00,"None"
918,2000,0,0.000e+00,"None"
919,2000,0,0.000e+00,"None"
920,2000,0,0.000e+00,"None"
921,2000,0,0.000e+00,"None"
922,2000,0,0.000e+00,"None"
923,2000,0,0.000e+00,"None"
924,2000,0,0.000e+00,"None"
925,2000,0,0.000e+00,"None"
926,2000,0,0.000e+00,"None"
927,2000,0,0.000e+00,"None"
928,2000,0,0.000e+00,"None"
930,2000,0,0.000e+00,"None"
929,2000,0,0.000e+00,"None"
931,2000,0,0.000e+00,"None"
932,2000,0,0.000e+00,"None"
933,2000,0,0.000e+00,"None"
934,2000,0,0.000e+00,"None"
935,2000,0,0.000e+00,"None"
937,2000,0,0.000e+00,"None"
936,2000,0,0.000e+00,"None"
938,2000,0,0.000e+00,"None"
939,2000,0,0.000e+00,"None"
940,2000,0,0.000e+00,"None"
941,2000,0,0.000e+00,"None"
942,2000,0,0.000e+00,"None"
943,2000,0,0.000e+00,"None"
944,2000,0,0.000e+00,"None"
945,2000,0,0.000e+00,"None"
946,2000,0,0.000e+00,"None"
947,2000,0,0.000e+00,"None"
948,2000,0,0.000e+00,"None"
949,2000,0,0.000e+00,"None"
951,2000,0,0.000e+00,"None"
950,2000,0,0.000e+00,"None"
952,2000,0,0.000e+00,"None"
953,2000,0,0.000e+00,"None"
954,2000,0,0.000e+00,"None"
955,2000,0,0.000e+00,"None"
956,2000,0,0.000e+00,"None"
957,2000,0,0.000e+00,"None"
958,2000,0,0.000e+00,"None"
959,2000,0,0.000e+00,"None"
960,2000,0,0.000e+00,"None"
961,2000,0,0.000e+00,"None"
962,2000,0,0.000e+00,"None"
963,2000,0,0.000e+00,"None"
964,2000,0,0.000e+00,"None"
965,2000,0,0.000e+00,"None"
966,2000,0,0.000e+00,"None"
967,2000,0,0.000e+00,"None"
969,2000,0,0.000e+00,"None"
968,2000,0,0.000e+00,"None"
970,2000,0,0.000e+00,"None"
971,2000,0,0.000e+00,"None"
972,2000,0,0.000e+00,"None"
973,2000,0,0.000e+00,"None"
974,2000,0,0.000e+00,"None"
975,2000,0,0.000e+00,"None"
979,2000,0,0.000e+00,"None"
977,2000,0,0.000e+00,"None"
976,2000,0,0.000e+00,"None"
980,2000,0,0.000e+00,"None"
981,2000,0,0.000e+00,"None"
978,2000,0,0.000e+00,"None"
982,2000,0,0.000e+00,"None"
983,2000,0,0.000e+00,"None"
984,2000,0,0.000e+00,"None"
985,2000,0,0.000e+00,"None"
986,2000,0,0.000e+00,"None"
987,2000,0,0.000e+00,"None"
988,1681,0,0.000e+00,"None"
